Financial Year,Room Type,Town,Latitude,Longitude,Remaining Lease,Distance From Nearest Hawker,Distance From Nearest Park,Distance To Nearest Mall,Distance To Nereast School,Hawker,School,Shopping Mall,Max Selling Price,Min Selling Price,Average Selling Price
1/1/2008,1,Punggol,1.404546728,103.902052,86,5.33130432,0.776697213,0.208847827,0.381140764,Market Street Food Centre,Punggol View Primary School,Waterway Point,107000,82000,94500
1/1/2008,2,Punggol,1.404546728,103.902052,86,5.33130432,0.776697213,0.208847827,0.381140764,Market Street Food Centre,Punggol View Primary School,Waterway Point,211000,135000,173000
1/1/2008,3,Punggol,1.404546728,103.902052,86,5.33130432,0.776697213,0.208847827,0.381140764,Market Street Food Centre,Punggol View Primary School,Waterway Point,327000,223000,275000
1/1/2008,4,Punggol,1.404546728,103.902052,86,5.33130432,0.776697213,0.208847827,0.381140764,Market Street Food Centre,Punggol View Primary School,Waterway Point,428000,305000,366500
1/1/2009,1,Punggol,1.404546728,103.902052,87,5.33130432,0.776697213,0.208847827,0.381140764,Market Street Food Centre,Punggol View Primary School,Waterway Point,114000,89000,101500
1/1/2009,2,Punggol,1.404546728,103.902052,87,5.33130432,0.776697213,0.208847827,0.381140764,Market Street Food Centre,Punggol View Primary School,Waterway Point,188000,151000,169500
1/1/2009,3,Punggol,1.404546728,103.902052,87,5.33130432,0.776697213,0.208847827,0.381140764,Market Street Food Centre,Punggol View Primary School,Waterway Point,322000,234000,278000
1/1/2009,4,Punggol,1.404546728,103.902052,87,5.33130432,0.776697213,0.208847827,0.381140764,Market Street Food Centre,Punggol View Primary School,Waterway Point,409000,332000,370500
1/1/2010,2,Punggol,1.404546728,103.902052,88,5.33130432,0.776697213,0.208847827,0.381140764,Market Street Food Centre,Punggol View Primary School,Waterway Point,237000,150000,193500
1/1/2010,3,Punggol,1.404546728,103.902052,88,5.33130432,0.776697213,0.208847827,0.381140764,Market Street Food Centre,Punggol View Primary School,Waterway Point,376000,243000,309500
1/1/2010,4,Punggol,1.404546728,103.902052,88,5.33130432,0.776697213,0.208847827,0.381140764,Market Street Food Centre,Punggol View Primary School,Waterway Point,458000,330000,394000
1/1/2011,1,Punggol,1.404546728,103.902052,89,5.33130432,0.776697213,0.208847827,0.381140764,Market Street Food Centre,Punggol View Primary School,Waterway Point,111000,85000,98000
1/1/2011,2,Punggol,1.404546728,103.902052,89,5.33130432,0.776697213,0.208847827,0.381140764,Market Street Food Centre,Punggol View Primary School,Waterway Point,242000,150000,196000
1/1/2011,3,Punggol,1.404546728,103.902052,89,5.33130432,0.776697213,0.208847827,0.381140764,Market Street Food Centre,Punggol View Primary School,Waterway Point,390000,257000,323500
1/1/2011,4,Punggol,1.404546728,103.902052,89,5.33130432,0.776697213,0.208847827,0.381140764,Market Street Food Centre,Punggol View Primary School,Waterway Point,484000,335000,409500
1/1/2012,1,Punggol,1.404546728,103.902052,90,5.33130432,0.776697213,0.208847827,0.381140764,Market Street Food Centre,Punggol View Primary School,Waterway Point,130000,104000,117000
1/1/2012,2,Punggol,1.404546728,103.902052,90,5.33130432,0.776697213,0.208847827,0.381140764,Market Street Food Centre,Punggol View Primary School,Waterway Point,247000,163000,205000
1/1/2012,3,Punggol,1.404546728,103.902052,90,5.33130432,0.776697213,0.208847827,0.381140764,Market Street Food Centre,Punggol View Primary School,Waterway Point,379000,260000,319500
1/1/2012,4,Punggol,1.404546728,103.902052,90,5.33130432,0.776697213,0.208847827,0.381140764,Market Street Food Centre,Punggol View Primary School,Waterway Point,485000,326000,405500
1/1/2013,1,Punggol,1.404546728,103.902052,91,5.33130432,0.776697213,0.208847827,0.381140764,Market Street Food Centre,Punggol View Primary School,Waterway Point,141000,81000,111000
1/1/2013,2,Punggol,1.404546728,103.902052,91,5.33130432,0.776697213,0.208847827,0.381140764,Market Street Food Centre,Punggol View Primary School,Waterway Point,232000,176000,204000
1/1/2013,3,Punggol,1.404546728,103.902052,91,5.33130432,0.776697213,0.208847827,0.381140764,Market Street Food Centre,Punggol View Primary School,Waterway Point,377000,279000,328000
1/1/2013,4,Punggol,1.404546728,103.902052,91,5.33130432,0.776697213,0.208847827,0.381140764,Market Street Food Centre,Punggol View Primary School,Waterway Point,495000,365000,430000
1/1/2014,1,Punggol,1.404546728,103.902052,92,5.33130432,0.776697213,0.208847827,0.381140764,Market Street Food Centre,Punggol View Primary School,Waterway Point,139000,82000,110500
1/1/2014,2,Punggol,1.404546728,103.902052,92,5.33130432,0.776697213,0.208847827,0.381140764,Market Street Food Centre,Punggol View Primary School,Waterway Point,212000,166000,189000
1/1/2014,3,Punggol,1.404546728,103.902052,92,5.33130432,0.776697213,0.208847827,0.381140764,Market Street Food Centre,Punggol View Primary School,Waterway Point,341000,278000,309500
1/1/2014,4,Punggol,1.404546728,103.902052,92,5.33130432,0.776697213,0.208847827,0.381140764,Market Street Food Centre,Punggol View Primary School,Waterway Point,429000,334000,381500
1/1/2015,1,Punggol,1.404546728,103.902052,93,5.33130432,0.776697213,0.208847827,0.381140764,Market Street Food Centre,Punggol View Primary School,Waterway Point,145000,84000,114500
1/1/2015,2,Punggol,1.404546728,103.902052,93,5.33130432,0.776697213,0.208847827,0.381140764,Market Street Food Centre,Punggol View Primary School,Waterway Point,223000,173000,198000
1/1/2015,3,Punggol,1.404546728,103.902052,93,5.33130432,0.776697213,0.208847827,0.381140764,Market Street Food Centre,Punggol View Primary School,Waterway Point,372000,277000,324500
1/1/2015,4,Punggol,1.404546728,103.902052,93,5.33130432,0.776697213,0.208847827,0.381140764,Market Street Food Centre,Punggol View Primary School,Waterway Point,489000,364000,426500
1/1/2016,1,Punggol,1.404546728,103.902052,94,5.33130432,0.776697213,0.208847827,0.381140764,Market Street Food Centre,Punggol View Primary School,Waterway Point,140000,80000,110000
1/1/2016,2,Punggol,1.404546728,103.902052,94,5.33130432,0.776697213,0.208847827,0.381140764,Market Street Food Centre,Punggol View Primary School,Waterway Point,210000,163000,186500
1/1/2016,3,Punggol,1.404546728,103.902052,94,5.33130432,0.776697213,0.208847827,0.381140764,Market Street Food Centre,Punggol View Primary School,Waterway Point,365000,257000,311000
1/1/2016,4,Punggol,1.404546728,103.902052,94,5.33130432,0.776697213,0.208847827,0.381140764,Market Street Food Centre,Punggol View Primary School,Waterway Point,498000,329000,413500
1/1/2017,1,Punggol,1.404546728,103.902052,95,5.33130432,0.776697213,0.208847827,0.381140764,Market Street Food Centre,Punggol View Primary School,Waterway Point,0,0,0
1/1/2017,2,Punggol,1.404546728,103.902052,95,5.33130432,0.776697213,0.208847827,0.381140764,Market Street Food Centre,Punggol View Primary School,Waterway Point,0,0,0
1/1/2017,3,Punggol,1.404546728,103.902052,95,5.33130432,0.776697213,0.208847827,0.381140764,Market Street Food Centre,Punggol View Primary School,Waterway Point,347000,287000,317000
1/1/2017,4,Punggol,1.404546728,103.902052,95,5.33130432,0.776697213,0.208847827,0.381140764,Market Street Food Centre,Punggol View Primary School,Waterway Point,434000,357000,395500
1/1/2018,1,Punggol,1.404546728,103.902052,96,5.33130432,0.776697213,0.208847827,0.381140764,Market Street Food Centre,Punggol View Primary School,Waterway Point,158000,103000,130500
1/1/2018,2,Punggol,1.404546728,103.902052,96,5.33130432,0.776697213,0.208847827,0.381140764,Market Street Food Centre,Punggol View Primary School,Waterway Point,243000,189000,216000
1/1/2018,3,Punggol,1.404546728,103.902052,96,5.33130432,0.776697213,0.208847827,0.381140764,Market Street Food Centre,Punggol View Primary School,Waterway Point,362000,286000,324000
1/1/2018,4,Punggol,1.404546728,103.902052,96,5.33130432,0.776697213,0.208847827,0.381140764,Market Street Food Centre,Punggol View Primary School,Waterway Point,489000,393000,441000
1/1/2019,1,Punggol,1.404546728,103.902052,97,5.33130432,0.776697213,0.208847827,0.381140764,Market Street Food Centre,Punggol View Primary School,Waterway Point,173000,109000,141000
1/1/2019,2,Punggol,1.404546728,103.902052,97,5.33130432,0.776697213,0.208847827,0.381140764,Market Street Food Centre,Punggol View Primary School,Waterway Point,268000,205000,236500
1/1/2019,3,Punggol,1.404546728,103.902052,97,5.33130432,0.776697213,0.208847827,0.381140764,Market Street Food Centre,Punggol View Primary School,Waterway Point,398000,287000,342500
1/1/2019,4,Punggol,1.404546728,103.902052,97,5.33130432,0.776697213,0.208847827,0.381140764,Market Street Food Centre,Punggol View Primary School,Waterway Point,551000,423000,487000
1/1/2008,1,Bukit Panjang,1.379002117,103.7615559,86,4.6463846,0.590856146,0.172488468,0.526590535,Bukit Timah Market,West View Primary School,Hillion Mall,106000,82000,94000
1/1/2008,2,Bukit Panjang,1.379002117,103.7615559,86,4.6463846,0.590856146,0.172488468,0.526590535,Bukit Timah Market,West View Primary School,Hillion Mall,170000,138000,154000
1/1/2008,3,Bukit Panjang,1.379002117,103.7615559,86,4.6463846,0.590856146,0.172488468,0.526590535,Bukit Timah Market,West View Primary School,Hillion Mall,270000,211000,240500
1/1/2009,1,Bukit Panjang,1.379002117,103.7615559,87,4.6463846,0.590856146,0.172488468,0.526590535,Bukit Timah Market,West View Primary School,Hillion Mall,94000,72000,83000
1/1/2009,2,Bukit Panjang,1.379002117,103.7615559,87,4.6463846,0.590856146,0.172488468,0.526590535,Bukit Timah Market,West View Primary School,Hillion Mall,157000,125000,141000
1/1/2009,3,Bukit Panjang,1.379002117,103.7615559,87,4.6463846,0.590856146,0.172488468,0.526590535,Bukit Timah Market,West View Primary School,Hillion Mall,250000,210000,230000
1/1/2010,1,Bukit Panjang,1.379002117,103.7615559,88,4.6463846,0.590856146,0.172488468,0.526590535,Bukit Timah Market,West View Primary School,Hillion Mall,119000,83000,101000
1/1/2010,2,Bukit Panjang,1.379002117,103.7615559,88,4.6463846,0.590856146,0.172488468,0.526590535,Bukit Timah Market,West View Primary School,Hillion Mall,191000,143000,167000
1/1/2010,3,Bukit Panjang,1.379002117,103.7615559,88,4.6463846,0.590856146,0.172488468,0.526590535,Bukit Timah Market,West View Primary School,Hillion Mall,312000,226000,269000
1/1/2010,4,Bukit Panjang,1.379002117,103.7615559,88,4.6463846,0.590856146,0.172488468,0.526590535,Bukit Timah Market,West View Primary School,Hillion Mall,398000,298000,348000
1/1/2011,2,Bukit Panjang,1.379002117,103.7615559,89,4.6463846,0.590856146,0.172488468,0.526590535,Bukit Timah Market,West View Primary School,Hillion Mall,189000,137000,163000
1/1/2011,3,Bukit Panjang,1.379002117,103.7615559,89,4.6463846,0.590856146,0.172488468,0.526590535,Bukit Timah Market,West View Primary School,Hillion Mall,298000,217000,257500
1/1/2011,4,Bukit Panjang,1.379002117,103.7615559,89,4.6463846,0.590856146,0.172488468,0.526590535,Bukit Timah Market,West View Primary School,Hillion Mall,386000,274000,330000
1/1/2016,1,Bukit Panjang,1.379002117,103.7615559,94,4.6463846,0.590856146,0.172488468,0.526590535,Bukit Timah Market,West View Primary School,Hillion Mall,139000,73000,106000
1/1/2016,2,Bukit Panjang,1.379002117,103.7615559,94,4.6463846,0.590856146,0.172488468,0.526590535,Bukit Timah Market,West View Primary School,Hillion Mall,210000,147000,178500
1/1/2016,3,Bukit Panjang,1.379002117,103.7615559,94,4.6463846,0.590856146,0.172488468,0.526590535,Bukit Timah Market,West View Primary School,Hillion Mall,336000,239000,287500
1/1/2016,4,Bukit Panjang,1.379002117,103.7615559,94,4.6463846,0.590856146,0.172488468,0.526590535,Bukit Timah Market,West View Primary School,Hillion Mall,410000,315000,362500
1/1/2008,2,Woodlands,1.436875128,103.7864999,86,1.466915766,0.97161857,0.215360502,0.429767738,Blks 20/21 Marsiling Lane,Woodgrove Primary School,Causeway Point,164000,116000,140000
1/1/2008,2,Woodlands,1.436066981,103.7879451,86,1.466915766,0.97161857,0.215360502,0.429767738,Blks 20/21 Marsiling Lane,Woodgrove Primary School,Causeway Point,164000,116000,140000
1/1/2008,3,Woodlands,1.436875128,103.7864999,86,1.466915766,0.97161857,0.215360502,0.429767738,Blks 20/21 Marsiling Lane,Woodgrove Primary School,Causeway Point,257000,184000,220500
1/1/2008,3,Woodlands,1.436066981,103.7879451,86,1.466915766,0.97161857,0.215360502,0.429767738,Blks 20/21 Marsiling Lane,Woodgrove Primary School,Causeway Point,257000,184000,220500
1/1/2008,4,Woodlands,1.436875128,103.7864999,86,1.466915766,0.97161857,0.215360502,0.429767738,Blks 20/21 Marsiling Lane,Woodgrove Primary School,Causeway Point,296000,247000,271500
1/1/2008,4,Woodlands,1.436066981,103.7879451,86,1.466915766,0.97161857,0.215360502,0.429767738,Blks 20/21 Marsiling Lane,Woodgrove Primary School,Causeway Point,296000,247000,271500
1/1/2009,2,Woodlands,1.436875128,103.7864999,87,1.466915766,0.97161857,0.215360502,0.429767738,Blks 20/21 Marsiling Lane,Woodgrove Primary School,Causeway Point,175000,141000,158000
1/1/2009,2,Woodlands,1.436066981,103.7879451,87,1.466915766,0.97161857,0.215360502,0.429767738,Blks 20/21 Marsiling Lane,Woodgrove Primary School,Causeway Point,175000,141000,158000
1/1/2009,3,Woodlands,1.436875128,103.7864999,87,1.466915766,0.97161857,0.215360502,0.429767738,Blks 20/21 Marsiling Lane,Woodgrove Primary School,Causeway Point,288000,228000,258000
1/1/2009,3,Woodlands,1.436066981,103.7879451,87,1.466915766,0.97161857,0.215360502,0.429767738,Blks 20/21 Marsiling Lane,Woodgrove Primary School,Causeway Point,288000,228000,258000
1/1/2010,1,Woodlands,1.436875128,103.7864999,88,1.466915766,0.97161857,0.215360502,0.429767738,Blks 20/21 Marsiling Lane,Woodgrove Primary School,Causeway Point,105000,78000,91500
1/1/2010,1,Woodlands,1.436066981,103.7879451,88,1.466915766,0.97161857,0.215360502,0.429767738,Blks 20/21 Marsiling Lane,Woodgrove Primary School,Causeway Point,105000,78000,91500
1/1/2010,2,Woodlands,1.436875128,103.7864999,88,1.466915766,0.97161857,0.215360502,0.429767738,Blks 20/21 Marsiling Lane,Woodgrove Primary School,Causeway Point,168000,136000,152000
1/1/2010,2,Woodlands,1.436066981,103.7879451,88,1.466915766,0.97161857,0.215360502,0.429767738,Blks 20/21 Marsiling Lane,Woodgrove Primary School,Causeway Point,168000,136000,152000
1/1/2010,3,Woodlands,1.436875128,103.7864999,88,1.466915766,0.97161857,0.215360502,0.429767738,Blks 20/21 Marsiling Lane,Woodgrove Primary School,Causeway Point,280000,224000,252000
1/1/2010,3,Woodlands,1.436066981,103.7879451,88,1.466915766,0.97161857,0.215360502,0.429767738,Blks 20/21 Marsiling Lane,Woodgrove Primary School,Causeway Point,280000,224000,252000
1/1/2010,4,Woodlands,1.436875128,103.7864999,88,1.466915766,0.97161857,0.215360502,0.429767738,Blks 20/21 Marsiling Lane,Woodgrove Primary School,Causeway Point,328000,270000,299000
1/1/2010,4,Woodlands,1.436066981,103.7879451,88,1.466915766,0.97161857,0.215360502,0.429767738,Blks 20/21 Marsiling Lane,Woodgrove Primary School,Causeway Point,328000,270000,299000
1/1/2012,3,Woodlands,1.436875128,103.7864999,90,1.466915766,0.97161857,0.215360502,0.429767738,Blks 20/21 Marsiling Lane,Woodgrove Primary School,Causeway Point,312000,248000,280000
1/1/2012,3,Woodlands,1.436066981,103.7879451,90,1.466915766,0.97161857,0.215360502,0.429767738,Blks 20/21 Marsiling Lane,Woodgrove Primary School,Causeway Point,312000,248000,280000
1/1/2012,4,Woodlands,1.436875128,103.7864999,90,1.466915766,0.97161857,0.215360502,0.429767738,Blks 20/21 Marsiling Lane,Woodgrove Primary School,Causeway Point,381000,308000,344500
1/1/2012,4,Woodlands,1.436066981,103.7879451,90,1.466915766,0.97161857,0.215360502,0.429767738,Blks 20/21 Marsiling Lane,Woodgrove Primary School,Causeway Point,381000,308000,344500
1/1/2013,1,Woodlands,1.436875128,103.7864999,91,1.466915766,0.97161857,0.215360502,0.429767738,Blks 20/21 Marsiling Lane,Woodgrove Primary School,Causeway Point,118000,73000,95500
1/1/2013,1,Woodlands,1.436066981,103.7879451,91,1.466915766,0.97161857,0.215360502,0.429767738,Blks 20/21 Marsiling Lane,Woodgrove Primary School,Causeway Point,118000,73000,95500
1/1/2013,2,Woodlands,1.436875128,103.7864999,91,1.466915766,0.97161857,0.215360502,0.429767738,Blks 20/21 Marsiling Lane,Woodgrove Primary School,Causeway Point,183000,133000,158000
1/1/2013,2,Woodlands,1.436066981,103.7879451,91,1.466915766,0.97161857,0.215360502,0.429767738,Blks 20/21 Marsiling Lane,Woodgrove Primary School,Causeway Point,183000,133000,158000
1/1/2013,3,Woodlands,1.436875128,103.7864999,91,1.466915766,0.97161857,0.215360502,0.429767738,Blks 20/21 Marsiling Lane,Woodgrove Primary School,Causeway Point,298000,223000,260500
1/1/2013,3,Woodlands,1.436066981,103.7879451,91,1.466915766,0.97161857,0.215360502,0.429767738,Blks 20/21 Marsiling Lane,Woodgrove Primary School,Causeway Point,298000,223000,260500
1/1/2013,4,Woodlands,1.436875128,103.7864999,91,1.466915766,0.97161857,0.215360502,0.429767738,Blks 20/21 Marsiling Lane,Woodgrove Primary School,Causeway Point,369000,276000,322500
1/1/2013,4,Woodlands,1.436066981,103.7879451,91,1.466915766,0.97161857,0.215360502,0.429767738,Blks 20/21 Marsiling Lane,Woodgrove Primary School,Causeway Point,369000,276000,322500
1/1/2014,1,Woodlands,1.436875128,103.7864999,92,1.466915766,0.97161857,0.215360502,0.429767738,Blks 20/21 Marsiling Lane,Woodgrove Primary School,Causeway Point,131000,72000,101500
1/1/2014,1,Woodlands,1.436066981,103.7879451,92,1.466915766,0.97161857,0.215360502,0.429767738,Blks 20/21 Marsiling Lane,Woodgrove Primary School,Causeway Point,131000,72000,101500
1/1/2014,2,Woodlands,1.436875128,103.7864999,92,1.466915766,0.97161857,0.215360502,0.429767738,Blks 20/21 Marsiling Lane,Woodgrove Primary School,Causeway Point,197000,144000,170500
1/1/2014,2,Woodlands,1.436066981,103.7879451,92,1.466915766,0.97161857,0.215360502,0.429767738,Blks 20/21 Marsiling Lane,Woodgrove Primary School,Causeway Point,197000,144000,170500
1/1/2014,3,Woodlands,1.436875128,103.7864999,92,1.466915766,0.97161857,0.215360502,0.429767738,Blks 20/21 Marsiling Lane,Woodgrove Primary School,Causeway Point,312000,229000,270500
1/1/2014,3,Woodlands,1.436066981,103.7879451,92,1.466915766,0.97161857,0.215360502,0.429767738,Blks 20/21 Marsiling Lane,Woodgrove Primary School,Causeway Point,312000,229000,270500
1/1/2014,4,Woodlands,1.436875128,103.7864999,92,1.466915766,0.97161857,0.215360502,0.429767738,Blks 20/21 Marsiling Lane,Woodgrove Primary School,Causeway Point,396000,308000,352000
1/1/2014,4,Woodlands,1.436066981,103.7879451,92,1.466915766,0.97161857,0.215360502,0.429767738,Blks 20/21 Marsiling Lane,Woodgrove Primary School,Causeway Point,396000,308000,352000
1/1/2017,1,Woodlands,1.436875128,103.7864999,95,1.466915766,0.97161857,0.215360502,0.429767738,Blks 20/21 Marsiling Lane,Woodgrove Primary School,Causeway Point,129000,71000,100000
1/1/2017,1,Woodlands,1.436066981,103.7879451,95,1.466915766,0.97161857,0.215360502,0.429767738,Blks 20/21 Marsiling Lane,Woodgrove Primary School,Causeway Point,129000,71000,100000
1/1/2017,2,Woodlands,1.436875128,103.7864999,95,1.466915766,0.97161857,0.215360502,0.429767738,Blks 20/21 Marsiling Lane,Woodgrove Primary School,Causeway Point,189000,140000,164500
1/1/2017,2,Woodlands,1.436066981,103.7879451,95,1.466915766,0.97161857,0.215360502,0.429767738,Blks 20/21 Marsiling Lane,Woodgrove Primary School,Causeway Point,189000,140000,164500
1/1/2017,3,Woodlands,1.436875128,103.7864999,95,1.466915766,0.97161857,0.215360502,0.429767738,Blks 20/21 Marsiling Lane,Woodgrove Primary School,Causeway Point,318000,225000,271500
1/1/2017,3,Woodlands,1.436066981,103.7879451,95,1.466915766,0.97161857,0.215360502,0.429767738,Blks 20/21 Marsiling Lane,Woodgrove Primary School,Causeway Point,318000,225000,271500
1/1/2017,4,Woodlands,1.436875128,103.7864999,95,1.466915766,0.97161857,0.215360502,0.429767738,Blks 20/21 Marsiling Lane,Woodgrove Primary School,Causeway Point,401000,279000,340000
1/1/2017,4,Woodlands,1.436066981,103.7879451,95,1.466915766,0.97161857,0.215360502,0.429767738,Blks 20/21 Marsiling Lane,Woodgrove Primary School,Causeway Point,401000,279000,340000
1/1/2019,1,Woodlands,1.436875128,103.7864999,97,1.466915766,0.97161857,0.215360502,0.429767738,Blks 20/21 Marsiling Lane,Woodgrove Primary School,Causeway Point,128000,86000,107000
1/1/2019,1,Woodlands,1.436066981,103.7879451,97,1.466915766,0.97161857,0.215360502,0.429767738,Blks 20/21 Marsiling Lane,Woodgrove Primary School,Causeway Point,128000,86000,107000
1/1/2019,2,Woodlands,1.436875128,103.7864999,97,1.466915766,0.97161857,0.215360502,0.429767738,Blks 20/21 Marsiling Lane,Woodgrove Primary School,Causeway Point,194000,165000,179500
1/1/2019,2,Woodlands,1.436066981,103.7879451,97,1.466915766,0.97161857,0.215360502,0.429767738,Blks 20/21 Marsiling Lane,Woodgrove Primary School,Causeway Point,194000,165000,179500
1/1/2019,3,Woodlands,1.436875128,103.7864999,97,1.466915766,0.97161857,0.215360502,0.429767738,Blks 20/21 Marsiling Lane,Woodgrove Primary School,Causeway Point,295000,244000,269500
1/1/2019,3,Woodlands,1.436066981,103.7879451,97,1.466915766,0.97161857,0.215360502,0.429767738,Blks 20/21 Marsiling Lane,Woodgrove Primary School,Causeway Point,295000,244000,269500
1/1/2019,4,Woodlands,1.436875128,103.7864999,97,1.466915766,0.97161857,0.215360502,0.429767738,Blks 20/21 Marsiling Lane,Woodgrove Primary School,Causeway Point,383000,336000,359500
1/1/2019,4,Woodlands,1.436066981,103.7879451,97,1.466915766,0.97161857,0.215360502,0.429767738,Blks 20/21 Marsiling Lane,Woodgrove Primary School,Causeway Point,383000,336000,359500
1/1/2008,1,Sengkang,1.391694626,103.8954664,86,3.753311771,0.920316133,0.069869487,0.41173411,Market Street Food Centre,Compassvale Primary School,Compass One,95000,73000,84000
1/1/2008,2,Sengkang,1.391694626,103.8954664,86,3.753311771,0.920316133,0.069869487,0.41173411,Market Street Food Centre,Compassvale Primary School,Compass One,162000,120000,141000
1/1/2008,3,Sengkang,1.391694626,103.8954664,86,3.753311771,0.920316133,0.069869487,0.41173411,Market Street Food Centre,Compassvale Primary School,Compass One,275000,190000,232500
1/1/2008,4,Sengkang,1.391694626,103.8954664,86,3.753311771,0.920316133,0.069869487,0.41173411,Market Street Food Centre,Compassvale Primary School,Compass One,367000,290000,328500
1/1/2009,1,Sengkang,1.391694626,103.8954664,87,3.753311771,0.920316133,0.069869487,0.41173411,Market Street Food Centre,Compassvale Primary School,Compass One,98000,74000,86000
1/1/2009,2,Sengkang,1.391694626,103.8954664,87,3.753311771,0.920316133,0.069869487,0.41173411,Market Street Food Centre,Compassvale Primary School,Compass One,171000,116000,143500
1/1/2009,3,Sengkang,1.391694626,103.8954664,87,3.753311771,0.920316133,0.069869487,0.41173411,Market Street Food Centre,Compassvale Primary School,Compass One,271000,203000,237000
1/1/2009,4,Sengkang,1.391694626,103.8954664,87,3.753311771,0.920316133,0.069869487,0.41173411,Market Street Food Centre,Compassvale Primary School,Compass One,352000,281000,316500
1/1/2010,1,Sengkang,1.391694626,103.8954664,88,3.753311771,0.920316133,0.069869487,0.41173411,Market Street Food Centre,Compassvale Primary School,Compass One,120000,68000,94000
1/1/2010,2,Sengkang,1.391694626,103.8954664,88,3.753311771,0.920316133,0.069869487,0.41173411,Market Street Food Centre,Compassvale Primary School,Compass One,232000,122000,177000
1/1/2010,3,Sengkang,1.391694626,103.8954664,88,3.753311771,0.920316133,0.069869487,0.41173411,Market Street Food Centre,Compassvale Primary School,Compass One,359000,201000,280000
1/1/2010,4,Sengkang,1.391694626,103.8954664,88,3.753311771,0.920316133,0.069869487,0.41173411,Market Street Food Centre,Compassvale Primary School,Compass One,444000,279000,361500
1/1/2011,1,Sengkang,1.391694626,103.8954664,89,3.753311771,0.920316133,0.069869487,0.41173411,Market Street Food Centre,Compassvale Primary School,Compass One,112000,83000,97500
1/1/2011,2,Sengkang,1.391694626,103.8954664,89,3.753311771,0.920316133,0.069869487,0.41173411,Market Street Food Centre,Compassvale Primary School,Compass One,220000,134000,177000
1/1/2011,3,Sengkang,1.391694626,103.8954664,89,3.753311771,0.920316133,0.069869487,0.41173411,Market Street Food Centre,Compassvale Primary School,Compass One,370000,225000,297500
1/1/2011,4,Sengkang,1.391694626,103.8954664,89,3.753311771,0.920316133,0.069869487,0.41173411,Market Street Food Centre,Compassvale Primary School,Compass One,456000,283000,369500
1/1/2012,2,Sengkang,1.391694626,103.8954664,90,3.753311771,0.920316133,0.069869487,0.41173411,Market Street Food Centre,Compassvale Primary School,Compass One,264000,151000,207500
1/1/2012,3,Sengkang,1.391694626,103.8954664,90,3.753311771,0.920316133,0.069869487,0.41173411,Market Street Food Centre,Compassvale Primary School,Compass One,403000,251000,327000
1/1/2012,4,Sengkang,1.391694626,103.8954664,90,3.753311771,0.920316133,0.069869487,0.41173411,Market Street Food Centre,Compassvale Primary School,Compass One,499000,304000,401500
1/1/2013,1,Sengkang,1.391694626,103.8954664,91,3.753311771,0.920316133,0.069869487,0.41173411,Market Street Food Centre,Compassvale Primary School,Compass One,124000,76000,100000
1/1/2013,2,Sengkang,1.391694626,103.8954664,91,3.753311771,0.920316133,0.069869487,0.41173411,Market Street Food Centre,Compassvale Primary School,Compass One,189000,150000,169500
1/1/2013,3,Sengkang,1.391694626,103.8954664,91,3.753311771,0.920316133,0.069869487,0.41173411,Market Street Food Centre,Compassvale Primary School,Compass One,329000,251000,290000
1/1/2013,4,Sengkang,1.391694626,103.8954664,91,3.753311771,0.920316133,0.069869487,0.41173411,Market Street Food Centre,Compassvale Primary School,Compass One,425000,358000,391500
1/1/2014,1,Sengkang,1.391694626,103.8954664,92,3.753311771,0.920316133,0.069869487,0.41173411,Market Street Food Centre,Compassvale Primary School,Compass One,135000,90000,112500
1/1/2014,2,Sengkang,1.391694626,103.8954664,92,3.753311771,0.920316133,0.069869487,0.41173411,Market Street Food Centre,Compassvale Primary School,Compass One,208000,164000,186000
1/1/2014,3,Sengkang,1.391694626,103.8954664,92,3.753311771,0.920316133,0.069869487,0.41173411,Market Street Food Centre,Compassvale Primary School,Compass One,335000,267000,301000
1/1/2014,4,Sengkang,1.391694626,103.8954664,92,3.753311771,0.920316133,0.069869487,0.41173411,Market Street Food Centre,Compassvale Primary School,Compass One,0,0,0
1/1/2015,1,Sengkang,1.391694626,103.8954664,93,3.753311771,0.920316133,0.069869487,0.41173411,Market Street Food Centre,Compassvale Primary School,Compass One,137000,80000,108500
1/1/2015,2,Sengkang,1.391694626,103.8954664,93,3.753311771,0.920316133,0.069869487,0.41173411,Market Street Food Centre,Compassvale Primary School,Compass One,202000,159000,180500
1/1/2015,3,Sengkang,1.391694626,103.8954664,93,3.753311771,0.920316133,0.069869487,0.41173411,Market Street Food Centre,Compassvale Primary School,Compass One,330000,252000,291000
1/1/2015,4,Sengkang,1.391694626,103.8954664,93,3.753311771,0.920316133,0.069869487,0.41173411,Market Street Food Centre,Compassvale Primary School,Compass One,402000,320000,361000
1/1/2017,1,Sengkang,1.391694626,103.8954664,95,3.753311771,0.920316133,0.069869487,0.41173411,Market Street Food Centre,Compassvale Primary School,Compass One,139000,78000,108500
1/1/2017,2,Sengkang,1.391694626,103.8954664,95,3.753311771,0.920316133,0.069869487,0.41173411,Market Street Food Centre,Compassvale Primary School,Compass One,215000,159000,187000
1/1/2017,3,Sengkang,1.391694626,103.8954664,95,3.753311771,0.920316133,0.069869487,0.41173411,Market Street Food Centre,Compassvale Primary School,Compass One,331000,252000,291500
1/1/2017,4,Sengkang,1.391694626,103.8954664,95,3.753311771,0.920316133,0.069869487,0.41173411,Market Street Food Centre,Compassvale Primary School,Compass One,402000,317000,359500
1/1/2018,1,Sengkang,1.391694626,103.8954664,96,3.753311771,0.920316133,0.069869487,0.41173411,Market Street Food Centre,Compassvale Primary School,Compass One,151000,99000,125000
1/1/2018,2,Sengkang,1.391694626,103.8954664,96,3.753311771,0.920316133,0.069869487,0.41173411,Market Street Food Centre,Compassvale Primary School,Compass One,242000,187000,214500
1/1/2018,3,Sengkang,1.391694626,103.8954664,96,3.753311771,0.920316133,0.069869487,0.41173411,Market Street Food Centre,Compassvale Primary School,Compass One,353000,270000,311500
1/1/2018,4,Sengkang,1.391694626,103.8954664,96,3.753311771,0.920316133,0.069869487,0.41173411,Market Street Food Centre,Compassvale Primary School,Compass One,438000,362000,400000
1/1/2009,1,Choa Chu Kang,1.385361693,103.744367,87,4.683533576,0.615794086,0.102254274,0.513631828,Market Street Food Centre,South View Primary School,Lot One,104000,83000,93500
1/1/2009,2,Choa Chu Kang,1.385361693,103.744367,87,4.683533576,0.615794086,0.102254274,0.513631828,Market Street Food Centre,South View Primary School,Lot One,172000,128000,150000
1/1/2009,3,Choa Chu Kang,1.385361693,103.744367,87,4.683533576,0.615794086,0.102254274,0.513631828,Market Street Food Centre,South View Primary School,Lot One,275000,212000,243500
1/1/2011,2,Choa Chu Kang,1.385361693,103.744367,89,4.683533576,0.615794086,0.102254274,0.513631828,Market Street Food Centre,South View Primary School,Lot One,172000,146000,159000
1/1/2011,3,Choa Chu Kang,1.385361693,103.744367,89,4.683533576,0.615794086,0.102254274,0.513631828,Market Street Food Centre,South View Primary School,Lot One,284000,229000,256500
1/1/2011,4,Choa Chu Kang,1.385361693,103.744367,89,4.683533576,0.615794086,0.102254274,0.513631828,Market Street Food Centre,South View Primary School,Lot One,364000,295000,329500
1/1/2012,1,Choa Chu Kang,1.385361693,103.744367,90,4.683533576,0.615794086,0.102254274,0.513631828,Market Street Food Centre,South View Primary School,Lot One,121000,99000,110000
1/1/2012,2,Choa Chu Kang,1.385361693,103.744367,90,4.683533576,0.615794086,0.102254274,0.513631828,Market Street Food Centre,South View Primary School,Lot One,182000,138000,160000
1/1/2012,3,Choa Chu Kang,1.385361693,103.744367,90,4.683533576,0.615794086,0.102254274,0.513631828,Market Street Food Centre,South View Primary School,Lot One,309000,223000,266000
1/1/2012,4,Choa Chu Kang,1.385361693,103.744367,90,4.683533576,0.615794086,0.102254274,0.513631828,Market Street Food Centre,South View Primary School,Lot One,385000,284000,334500
1/1/2013,2,Choa Chu Kang,1.385361693,103.744367,91,4.683533576,0.615794086,0.102254274,0.513631828,Market Street Food Centre,South View Primary School,Lot One,172000,140000,156000
1/1/2013,3,Choa Chu Kang,1.385361693,103.744367,91,4.683533576,0.615794086,0.102254274,0.513631828,Market Street Food Centre,South View Primary School,Lot One,288000,240000,264000
1/1/2013,4,Choa Chu Kang,1.385361693,103.744367,91,4.683533576,0.615794086,0.102254274,0.513631828,Market Street Food Centre,South View Primary School,Lot One,372000,308000,340000
1/1/2017,1,Choa Chu Kang,1.385361693,103.744367,95,4.683533576,0.615794086,0.102254274,0.513631828,Market Street Food Centre,South View Primary School,Lot One,139000,89000,114000
1/1/2017,2,Choa Chu Kang,1.385361693,103.744367,95,4.683533576,0.615794086,0.102254274,0.513631828,Market Street Food Centre,South View Primary School,Lot One,211000,182000,196500
1/1/2017,3,Choa Chu Kang,1.385361693,103.744367,95,4.683533576,0.615794086,0.102254274,0.513631828,Market Street Food Centre,South View Primary School,Lot One,340000,250000,295000
1/1/2017,4,Choa Chu Kang,1.385361693,103.744367,95,4.683533576,0.615794086,0.102254274,0.513631828,Market Street Food Centre,South View Primary School,Lot One,0,0,0
1/1/2011,1,Sembawang,1.449050821,103.8200504,89,2.106358607,1.064926568,0.112220968,0.406761116,Chong Pang Market & Food Centre,Wellington Primary School,Sun Plaza,116000,92000,104000
1/1/2011,2,Sembawang,1.449050821,103.8200504,89,2.106358607,1.064926568,0.112220968,0.406761116,Chong Pang Market & Food Centre,Wellington Primary School,Sun Plaza,191000,158000,174500
1/1/2011,3,Sembawang,1.449050821,103.8200504,89,2.106358607,1.064926568,0.112220968,0.406761116,Chong Pang Market & Food Centre,Wellington Primary School,Sun Plaza,310000,255000,282500
1/1/2013,1,Sembawang,1.449050821,103.8200504,91,2.106358607,1.064926568,0.112220968,0.406761116,Chong Pang Market & Food Centre,Wellington Primary School,Sun Plaza,109000,70000,89500
1/1/2013,2,Sembawang,1.449050821,103.8200504,91,2.106358607,1.064926568,0.112220968,0.406761116,Chong Pang Market & Food Centre,Wellington Primary School,Sun Plaza,177000,138000,157500
1/1/2013,3,Sembawang,1.449050821,103.8200504,91,2.106358607,1.064926568,0.112220968,0.406761116,Chong Pang Market & Food Centre,Wellington Primary School,Sun Plaza,304000,225000,264500
1/1/2013,4,Sembawang,1.449050821,103.8200504,91,2.106358607,1.064926568,0.112220968,0.406761116,Chong Pang Market & Food Centre,Wellington Primary School,Sun Plaza,381000,313000,347000
1/1/2014,1,Sembawang,1.449050821,103.8200504,92,2.106358607,1.064926568,0.112220968,0.406761116,Chong Pang Market & Food Centre,Wellington Primary School,Sun Plaza,119000,73000,96000
1/1/2014,2,Sembawang,1.449050821,103.8200504,92,2.106358607,1.064926568,0.112220968,0.406761116,Chong Pang Market & Food Centre,Wellington Primary School,Sun Plaza,185000,148000,166500
1/1/2014,3,Sembawang,1.449050821,103.8200504,92,2.106358607,1.064926568,0.112220968,0.406761116,Chong Pang Market & Food Centre,Wellington Primary School,Sun Plaza,301000,236000,268500
1/1/2014,4,Sembawang,1.449050821,103.8200504,92,2.106358607,1.064926568,0.112220968,0.406761116,Chong Pang Market & Food Centre,Wellington Primary School,Sun Plaza,0,0,0
1/1/2015,1,Sembawang,1.449050821,103.8200504,93,2.106358607,1.064926568,0.112220968,0.406761116,Chong Pang Market & Food Centre,Wellington Primary School,Sun Plaza,123000,75000,99000
1/1/2015,2,Sembawang,1.449050821,103.8200504,93,2.106358607,1.064926568,0.112220968,0.406761116,Chong Pang Market & Food Centre,Wellington Primary School,Sun Plaza,188000,152000,170000
1/1/2015,3,Sembawang,1.449050821,103.8200504,93,2.106358607,1.064926568,0.112220968,0.406761116,Chong Pang Market & Food Centre,Wellington Primary School,Sun Plaza,302000,238000,270000
1/1/2015,4,Sembawang,1.449050821,103.8200504,93,2.106358607,1.064926568,0.112220968,0.406761116,Chong Pang Market & Food Centre,Wellington Primary School,Sun Plaza,0,0,0
1/1/2016,1,Sembawang,1.449050821,103.8200504,94,2.106358607,1.064926568,0.112220968,0.406761116,Chong Pang Market & Food Centre,Wellington Primary School,Sun Plaza,116000,74000,95000
1/1/2016,2,Sembawang,1.449050821,103.8200504,94,2.106358607,1.064926568,0.112220968,0.406761116,Chong Pang Market & Food Centre,Wellington Primary School,Sun Plaza,181000,151000,166000
1/1/2016,3,Sembawang,1.449050821,103.8200504,94,2.106358607,1.064926568,0.112220968,0.406761116,Chong Pang Market & Food Centre,Wellington Primary School,Sun Plaza,300000,235000,267500
1/1/2016,4,Sembawang,1.449050821,103.8200504,94,2.106358607,1.064926568,0.112220968,0.406761116,Chong Pang Market & Food Centre,Wellington Primary School,Sun Plaza,392000,311000,351500
1/1/2018,1,Sembawang,1.449050821,103.8200504,96,2.106358607,1.064926568,0.112220968,0.406761116,Chong Pang Market & Food Centre,Wellington Primary School,Sun Plaza,0,0,0
1/1/2018,2,Sembawang,1.449050821,103.8200504,96,2.106358607,1.064926568,0.112220968,0.406761116,Chong Pang Market & Food Centre,Wellington Primary School,Sun Plaza,204000,165000,184500
1/1/2018,3,Sembawang,1.449050821,103.8200504,96,2.106358607,1.064926568,0.112220968,0.406761116,Chong Pang Market & Food Centre,Wellington Primary School,Sun Plaza,304000,251000,277500
1/1/2018,4,Sembawang,1.449050821,103.8200504,96,2.106358607,1.064926568,0.112220968,0.406761116,Chong Pang Market & Food Centre,Wellington Primary School,Sun Plaza,391000,327000,359000
1/1/2019,1,Sembawang,1.449050821,103.8200504,97,2.106358607,1.064926568,0.112220968,0.406761116,Chong Pang Market & Food Centre,Wellington Primary School,Sun Plaza,141000,89000,115000
1/1/2019,2,Sembawang,1.449050821,103.8200504,97,2.106358607,1.064926568,0.112220968,0.406761116,Chong Pang Market & Food Centre,Wellington Primary School,Sun Plaza,210000,177000,193500
1/1/2019,3,Sembawang,1.449050821,103.8200504,97,2.106358607,1.064926568,0.112220968,0.406761116,Chong Pang Market & Food Centre,Wellington Primary School,Sun Plaza,320000,272000,296000
1/1/2019,4,Sembawang,1.449050821,103.8200504,97,2.106358607,1.064926568,0.112220968,0.406761116,Chong Pang Market & Food Centre,Wellington Primary School,Sun Plaza,406000,350000,378000
1/1/2011,2,Yishun,1.429443081,103.8350045,89,0.768135451,0.538985756,0.188388565,0.461197197,Chong Pang Market & Food Centre,Yishun Primary School,Northpoint City,193000,156000,174500
1/1/2011,3,Yishun,1.429443081,103.8350045,89,0.768135451,0.538985756,0.188388565,0.461197197,Chong Pang Market & Food Centre,Yishun Primary School,Northpoint City,296000,234000,265000
1/1/2011,4,Yishun,1.429443081,103.8350045,89,0.768135451,0.538985756,0.188388565,0.461197197,Chong Pang Market & Food Centre,Yishun Primary School,Northpoint City,381000,277000,329000
1/1/2012,2,Yishun,1.429443081,103.8350045,90,0.768135451,0.538985756,0.188388565,0.461197197,Chong Pang Market & Food Centre,Yishun Primary School,Northpoint City,197000,170000,183500
1/1/2012,3,Yishun,1.429443081,103.8350045,90,0.768135451,0.538985756,0.188388565,0.461197197,Chong Pang Market & Food Centre,Yishun Primary School,Northpoint City,320000,264000,292000
1/1/2012,4,Yishun,1.429443081,103.8350045,90,0.768135451,0.538985756,0.188388565,0.461197197,Chong Pang Market & Food Centre,Yishun Primary School,Northpoint City,388000,331000,359500
1/1/2013,1,Yishun,1.429443081,103.8350045,91,0.768135451,0.538985756,0.188388565,0.461197197,Chong Pang Market & Food Centre,Yishun Primary School,Northpoint City,118000,75000,96500
1/1/2013,2,Yishun,1.429443081,103.8350045,91,0.768135451,0.538985756,0.188388565,0.461197197,Chong Pang Market & Food Centre,Yishun Primary School,Northpoint City,234000,150000,192000
1/1/2013,3,Yishun,1.429443081,103.8350045,91,0.768135451,0.538985756,0.188388565,0.461197197,Chong Pang Market & Food Centre,Yishun Primary School,Northpoint City,320000,252000,286000
1/1/2013,4,Yishun,1.429443081,103.8350045,91,0.768135451,0.538985756,0.188388565,0.461197197,Chong Pang Market & Food Centre,Yishun Primary School,Northpoint City,393000,316000,354500
1/1/2014,1,Yishun,1.429443081,103.8350045,92,0.768135451,0.538985756,0.188388565,0.461197197,Chong Pang Market & Food Centre,Yishun Primary School,Northpoint City,123000,73000,98000
1/1/2014,2,Yishun,1.429443081,103.8350045,92,0.768135451,0.538985756,0.188388565,0.461197197,Chong Pang Market & Food Centre,Yishun Primary School,Northpoint City,177000,149000,163000
1/1/2014,3,Yishun,1.429443081,103.8350045,92,0.768135451,0.538985756,0.188388565,0.461197197,Chong Pang Market & Food Centre,Yishun Primary School,Northpoint City,318000,240000,279000
1/1/2014,4,Yishun,1.429443081,103.8350045,92,0.768135451,0.538985756,0.188388565,0.461197197,Chong Pang Market & Food Centre,Yishun Primary School,Northpoint City,409000,339000,374000
1/1/2016,1,Yishun,1.429443081,103.8350045,94,0.768135451,0.538985756,0.188388565,0.461197197,Chong Pang Market & Food Centre,Yishun Primary School,Northpoint City,123000,79000,101000
1/1/2016,2,Yishun,1.429443081,103.8350045,94,0.768135451,0.538985756,0.188388565,0.461197197,Chong Pang Market & Food Centre,Yishun Primary School,Northpoint City,190000,156000,173000
1/1/2016,3,Yishun,1.429443081,103.8350045,94,0.768135451,0.538985756,0.188388565,0.461197197,Chong Pang Market & Food Centre,Yishun Primary School,Northpoint City,297000,251000,274000
1/1/2016,4,Yishun,1.429443081,103.8350045,94,0.768135451,0.538985756,0.188388565,0.461197197,Chong Pang Market & Food Centre,Yishun Primary School,Northpoint City,0,0,0
1/1/2017,1,Yishun,1.429443081,103.8350045,95,0.768135451,0.538985756,0.188388565,0.461197197,Chong Pang Market & Food Centre,Yishun Primary School,Northpoint City,113000,77000,95000
1/1/2017,2,Yishun,1.429443081,103.8350045,95,0.768135451,0.538985756,0.188388565,0.461197197,Chong Pang Market & Food Centre,Yishun Primary School,Northpoint City,177000,157000,167000
1/1/2017,3,Yishun,1.429443081,103.8350045,95,0.768135451,0.538985756,0.188388565,0.461197197,Chong Pang Market & Food Centre,Yishun Primary School,Northpoint City,291000,251000,271000
1/1/2017,4,Yishun,1.429443081,103.8350045,95,0.768135451,0.538985756,0.188388565,0.461197197,Chong Pang Market & Food Centre,Yishun Primary School,Northpoint City,378000,331000,354500
1/1/2018,1,Yishun,1.429443081,103.8350045,96,0.768135451,0.538985756,0.188388565,0.461197197,Chong Pang Market & Food Centre,Yishun Primary School,Northpoint City,132000,75000,103500
1/1/2018,2,Yishun,1.429443081,103.8350045,96,0.768135451,0.538985756,0.188388565,0.461197197,Chong Pang Market & Food Centre,Yishun Primary School,Northpoint City,216000,170000,193000
1/1/2018,3,Yishun,1.429443081,103.8350045,96,0.768135451,0.538985756,0.188388565,0.461197197,Chong Pang Market & Food Centre,Yishun Primary School,Northpoint City,317000,248000,282500
1/1/2018,4,Yishun,1.429443081,103.8350045,96,0.768135451,0.538985756,0.188388565,0.461197197,Chong Pang Market & Food Centre,Yishun Primary School,Northpoint City,405000,334000,369500
1/1/2014,1,Bukit Batok,1.349034109,103.74959,92,1.441874513,1.169540666,0.142506978,0.560982659,Market Street Food Centre,Bukit View Primary School,West Mall,142000,80000,111000
1/1/2014,2,Bukit Batok,1.349034109,103.74959,92,1.441874513,1.169540666,0.142506978,0.560982659,Market Street Food Centre,Bukit View Primary School,West Mall,211000,160000,185500
1/1/2014,3,Bukit Batok,1.349034109,103.74959,92,1.441874513,1.169540666,0.142506978,0.560982659,Market Street Food Centre,Bukit View Primary School,West Mall,344000,259000,301500
1/1/2014,4,Bukit Batok,1.349034109,103.74959,92,1.441874513,1.169540666,0.142506978,0.560982659,Market Street Food Centre,Bukit View Primary School,West Mall,457000,350000,403500
1/1/2015,1,Bukit Batok,1.349034109,103.74959,93,1.441874513,1.169540666,0.142506978,0.560982659,Market Street Food Centre,Bukit View Primary School,West Mall,134000,84000,109000
1/1/2015,2,Bukit Batok,1.349034109,103.74959,93,1.441874513,1.169540666,0.142506978,0.560982659,Market Street Food Centre,Bukit View Primary School,West Mall,202000,161000,181500
1/1/2015,3,Bukit Batok,1.349034109,103.74959,93,1.441874513,1.169540666,0.142506978,0.560982659,Market Street Food Centre,Bukit View Primary School,West Mall,325000,266000,295500
1/1/2015,4,Bukit Batok,1.349034109,103.74959,93,1.441874513,1.169540666,0.142506978,0.560982659,Market Street Food Centre,Bukit View Primary School,West Mall,424000,367000,395500
1/1/2017,1,Bukit Batok,1.349034109,103.74959,95,1.441874513,1.169540666,0.142506978,0.560982659,Market Street Food Centre,Bukit View Primary School,West Mall,164000,87000,125500
1/1/2017,2,Bukit Batok,1.349034109,103.74959,95,1.441874513,1.169540666,0.142506978,0.560982659,Market Street Food Centre,Bukit View Primary School,West Mall,246000,171000,208500
1/1/2017,3,Bukit Batok,1.349034109,103.74959,95,1.441874513,1.169540666,0.142506978,0.560982659,Market Street Food Centre,Bukit View Primary School,West Mall,321000,265000,293000
1/1/2017,4,Bukit Batok,1.349034109,103.74959,95,1.441874513,1.169540666,0.142506978,0.560982659,Market Street Food Centre,Bukit View Primary School,West Mall,418000,353000,385500
